global_key,year,publisher,unique_global_key,count
aaai,2000,AAAI Press / The MIT Press,aaai,75
aaai,2002,AAAI Press / The MIT Press,aaai,74
aaai,2004,AAAI Press / The MIT Press,acl,53
aaai,2005,AAAI Press / The MIT Press,adbis,32
aaai,2006,AAAI Press,alt,17
aaai,2007,AAAI Press,cade,40
aaai,2008,AAAI Press,chi,39
aaai,2010,AAAI Press,cikm,79
aaai,2010,AAAI,colt,16
aaai,2010,AAAI,compgeom,17
aaai,2010,AAAI,concur,17
aaai,2010,AAAI,coopis,6
aaai,2010,AAAI,crypto,22
aaai,2010,AAAI,csmr,15
aaai,2010,AAAI,cvpr,28
aaai,2010,AAAI,dasfaa,30
aaai,2010,AAAI,dbpl,8
aaai,2011,AAAI Press,dolap,16
aaai,2011,AAAI,edbt,28
aaai,2011,AAAI,er,35
aaai,2011,AAAI,esa,18
aaai,2011,AAAI,eurocrypt,19
aaai,2011,AAAI,fase,17
aaai,2011,AAAI,focs,16
aaai,2011,AAAI,fse,17
aaai,2011,AAAI,fsttcs,16
aaai,2011,AAAI,gpce,19
aaai,2011,AAAI,icalp,27
aaai,2011,AAAI,iccv,9
aaai,2011,AAAI,icde,28
aaai,2011,AAAI,icdt,13
aaai,2011,AAAI,icml,22
aaai,2012,AAAI Press,icse,220
aaai,2013,AAAI Press,icsm,22
aaai,2013,AAAI,ijcai,34
aaai,2013,AAAI,infocom,22
aaai,2013,AAAI,ipco,11
aaai,2013,AAAI,isaac,17
aaai,2013,AAAI,issac,19
aaai,2013,AAAI,iwpc,17
aaai,2014,AAAI Press,kbse,22
aaai,2014,AAAI,kdd,65
aaai,2014,AAAI Press,latin,9
aaai,2014,AAAI,lfcs,4
aaai,2015,AAAI Press,lics,18
aaai,2015,AAAI Press,mfcs,19
aaai,2015,AAAI Press,mobicom,68
aaai,2015,AAAI Press,msr,12
aaai,2015,AAAI Press,nsdi,20
aaai,2015,AAAI Press,osdi,22
aaai,2015,AAAI Press,pldi,43
aaai,2015,AAAI Press,podc,20
aaai,2015,AAAI Press,pods,17
aaai,2015,AAAI Press,popl,27
aaai,2015,AAAI Press,recomb,24
aaai,2015,AAAI Press,ride,6
aaai,2015,AAAI Press,scam,15
aaai,2016,AAAI Press,sigcomm,40
aaai,2016,AAAI Press,sigir,30
aaai,2016,AAAI Press,sigmetrics,17
aaai,2016,AAAI Press,sigmod,52
aaai,2016,AAAI Press,soda,17
aaai,2016,AAAI Press,sosp,16
aaai,2016,AAAI Press,sp,22
aaai,2016,AAAI Press,spaa,14
aaai,2016,AAAI Press,ssdbm,17
aaai,2016,AAAI Press,stacs,17
aaai,2016,AAAI Press,stoc,17
aaai,2016,AAAI Press,swat,9
aaai,2016,AAAI Press,uist,24
aaai,2016,AAAI Press,vldb,27
aaai,2016,AAAI Press,wads,8
aaai,2016,AAAI Press,wcre,19
aaai,2000,\N,wdag,17
aaai,2000,\N,widm,10
acl,2000,ACL,www,50
acl,2001,Morgan Kaufmann Publishers,,
acl,2001,"CNRS, Toulose, France",,
acl,2002,ACL,,
acl,2002,ACL,,
acl,2003,ACL,,
acl,2003,The Association for Computer Linguistics,,
acl,2004,ACL,,
acl,2005,The Association for Computer Linguistics,,
acl,2006,The Association for Computer Linguistics,,
acl,2007,The Association for Computational Linguistics,,
acl,2008,The Association for Computer Linguistics,,
acl,2008,The Association for Computer Linguistics,,
acl,2008,The Association for Computer Linguistics,,
acl,2008,The Association for Computer Linguistics,,
acl,2008,The Association for Computer Linguistics,,
acl,2009,The Association for Computer Linguistics,,
acl,2009,The Association for Computer Linguistics,,
acl,2009,The Association for Computer Linguistics,,
acl,2009,The Association for Computer Linguistics,,
acl,2010,The Association for Computer Linguistics,,
acl,2010,The Association for Computer Linguistics,,
acl,2010,The Association for Computer Linguistics,,
acl,2010,The Association for Computer Linguistics,,
acl,2011,The Association for Computer Linguistics,,
acl,2011,The Association for Computer Linguistics,,
acl,2011,The Association for Computer Linguistics,,
acl,2011,The Association for Computer Linguistics,,
acl,2011,The Association for Computer Linguistics,,
acl,2012,The Association for Computer Linguistics,,
acl,2012,The Association for Computer Linguistics,,
acl,2012,The Association for Computer Linguistics,,
acl,2012,The Association for Computer Linguistics,,
acl,2013,The Association for Computer Linguistics,,
acl,2013,The Association for Computer Linguistics,,
acl,2013,The Association for Computer Linguistics,,
acl,2013,The Association for Computer Linguistics,,
acl,2013,The Association for Computer Linguistics,,
acl,2014,The Association for Computer Linguistics,,
acl,2014,The Association for Computer Linguistics,,
acl,2014,The Association for Computer Linguistics,,
acl,2014,The Association for Computer Linguistics,,
acl,2014,The Association for Computer Linguistics,,
acl,2014,The Association for Computer Linguistics,,
acl,2015,The Association for Computer Linguistics,,
acl,2015,The Association for Computer Linguistics,,
acl,2015,The Association for Computer Linguistics,,
acl,2015,The Association for Computer Linguistics,,
acl,2015,The Association for Computer Linguistics,,
acl,2016,The Association for Computer Linguistics,,
acl,2016,The Association for Computer Linguistics,,
acl,2016,The Association for Computer Linguistics,,
acl,2016,The Association for Computer Linguistics,,
adbis,2000,Springer,,
adbis,2000,"Matfyz Press, Vydavatelstvi, Matematicko-Fyzikalni Fakulty, Unverzity Karlovy",,
adbis,2001,Springer,,
adbis,2002,Springer,,
adbis,2002,"Slovak University of Technology, Bratislava",,
adbis,2003,Springer,,
adbis,2004,Springer,,
adbis,2005,Springer,,
adbis,2005,CEUR-WS.org,,
adbis,2006,Springer,,
adbis,2006,CEUR-WS.org,,
adbis,2007,Springer,,
adbis,2008,CEUR-WS.org,,
adbis,2008,Springer,,
adbis,2008,Tampere University of Technology. Pori. Publication,,
adbis,2009,Springer,,
adbis,2010,Springer,,
adbis,2010,Springer,,
adbis,2010,CEUR-WS.org,,
adbis,2011,Springer,,
adbis,2011,CEUR-WS.org,,
adbis,2012,Springer,,
adbis,2013,Springer,,
adbis,2013,Springer,,
adbis,2013,Springer,,
adbis,2014,Springer,,
adbis,2014,Springer,,
adbis,2015,Springer,,
adbis,2015,Springer,,
adbis,2015,Springer,,
adbis,2016,Springer,,
adbis,2016,Springer,,
alt,2000,Springer,,
alt,2001,Springer,,
alt,2002,Springer,,
alt,2003,Springer,,
alt,2004,Springer,,
alt,2005,Springer,,
alt,2006,Springer,,
alt,2007,Springer,,
alt,2008,Springer,,
alt,2009,Springer,,
alt,2010,Springer,,
alt,2011,Springer,,
alt,2012,Springer,,
alt,2013,Springer,,
alt,2014,Springer,,
alt,2015,Springer,,
alt,2016,\N,,
cade,2000,Springer,,
cade,2001,Springer,,
cade,2002,Springer,,
cade,2003,Springer,,
cade,2004,Springer,,
cade,2004,CEUR-WS.org,,
cade,2005,Springer,,
cade,2006,Springer,,
cade,2007,Springer,,
cade,2007,CEUR-WS.org,,
cade,2007,CEUR-WS.org,,
cade,2008,Springer,,
cade,2008,CEUR-WS.org,,
cade,2008,CEUR-WS.org,,
cade,2009,Springer,,
cade,2010,Springer,,
cade,2012,EasyChair,,
cade,2012,EasyChair,,
cade,2010,CEUR-WS.org,,
cade,2012,EasyChair,,
cade,2012,EasyChair,,
cade,2011,Springer,,
cade,2012,Springer,,
cade,2013,EasyChair,,
cade,2012,CEUR-WS.org,,
cade,2013,EasyChair,,
cade,2013,EasyChair,,
cade,2014,EasyChair,,
cade,2013,Springer,,
cade,2013,EasyChair,,
cade,2014,Springer,,
cade,2016,EasyChair,,
cade,2015,EasyChair,,
cade,2015,EasyChair,,
cade,2014,CEUR-WS.org,,
cade,2015,Springer,,
cade,2015,CEUR-WS.org,,
cade,2016,Springer,,
cade,2016,CEUR-WS.org,,
cade,2016,CEUR-WS.org,,
chi,2000,ACM,,
chi,2000,ACM,,
chi,2001,ACM,,
chi,2001,ACM,,
chi,2002,ACM,,
chi,2002,ACM,,
chi,2002,ACM,,
chi,2003,ACM,,
chi,2003,ACM,,
chi,2004,ACM,,
chi,2004,ACM,,
chi,2005,Springer,,
chi,2005,ACM,,
chi,2005,ACM,,
chi,2006,ACM,,
chi,2006,ACM,,
chi,2007,ACM,,
chi,2007,ACM,,
chi,2008,ACM,,
chi,2008,ACM,,
chi,2008,ACM,,
chi,2009,ACM,,
chi,2009,ACM,,
chi,2010,ACM,,
chi,2010,ACM,,
chi,2011,ACM,,
chi,2011,ACM,,
chi,2012,ACM,,
chi,2012,ACM,,
chi,2013,ACM,,
chi,2013,ACM,,
chi,2013,CEUR-WS.org,,
chi,2014,ACM,,
chi,2014,ACM,,
chi,2015,ACM,,
chi,2015,ACM,,
chi,2016,ACM,,
chi,2016,ACM,,
chi,2016,ACM,,
cikm,2000,ACM,,
cikm,2001,ACM,,
cikm,2002,ACM,,
cikm,2003,ACM,,
cikm,2004,ACM,,
cikm,2005,ACM,,
cikm,2005,ACM,,
cikm,2006,ACM,,
cikm,2007,ACM,,
cikm,2007,ACM,,
cikm,2007,ACM,,
cikm,2008,ACM,,
cikm,2008,ACM,,
cikm,2008,ACM,,
cikm,2008,ACM,,
cikm,2008,ACM,,
cikm,2008,ACM,,
cikm,2008,ACM,,
cikm,2008,ACM,,
cikm,2008,ACM,,
cikm,2008,ACM,,
cikm,2009,ACM,,
cikm,2009,ACM,,
cikm,2009,ACM,,
cikm,2009,ACM,,
cikm,2009,ACM,,
cikm,2009,ACM,,
cikm,2009,ACM,,
cikm,2010,ACM,,
cikm,2010,ACM,,
cikm,2010,ACM,,
cikm,2010,ACM,,
cikm,2010,ACM,,
cikm,2011,ACM,,
cikm,2011,ACM,,
cikm,2011,ACM,,
cikm,2011,ACM,,
cikm,2011,ACM,,
cikm,2012,ACM,,
cikm,2012,ACM,,
cikm,2012,ACM,,
cikm,2012,ACM,,
cikm,2012,ACM,,
cikm,2012,ACM,,
cikm,2012,ACM,,
cikm,2012,ACM,,
cikm,2012,ACM,,
cikm,2013,ACM,,
cikm,2013,ACM,,
cikm,2013,ACM,,
cikm,2013,ACM,,
cikm,2013,ACM,,
cikm,2013,ACM,,
cikm,2013,ACM,,
cikm,2013,ACM,,
cikm,2013,ACM,,
cikm,2013,ACM,,
cikm,2013,ACM,,
cikm,2013,ACM,,
cikm,2013,ACM,,
cikm,2013,ACM,,
cikm,2014,ACM,,
cikm,2014,ACM,,
cikm,2014,ACM,,
cikm,2014,ACM,,
cikm,2014,ACM,,
cikm,2014,ACM,,
cikm,2014,ACM,,
cikm,2015,ACM,,
cikm,2015,ACM,,
cikm,2015,ACM,,
cikm,2015,ACM,,
cikm,2015,ACM,,
cikm,2015,ACM,,
cikm,2015,ACM,,
cikm,2015,ACM,,
cikm,2015,ACM,,
cikm,2016,ACM,,
cikm,2016,ACM,,
colt,2000,Morgan Kaufmann,,
colt,2001,Springer,,
colt,2002,Springer,,
colt,2003,Springer,,
colt,2004,Springer,,
colt,2005,Springer,,
colt,2006,Springer,,
colt,2007,Springer,,
colt,2008,Omnipress,,
colt,2009,\N,,
colt,2010,Omnipress,,
colt,2012,JMLR.org,,
colt,2013,JMLR.org,,
colt,2014,JMLR.org,,
colt,2015,JMLR.org,,
colt,2016,JMLR.org,,
compgeom,2000,ACM,,
compgeom,2001,ACM,,
compgeom,2002,ACM,,
compgeom,2003,ACM,,
compgeom,2004,ACM,,
compgeom,2005,ACM,,
compgeom,2006,ACM,,
compgeom,2007,ACM,,
compgeom,2008,ACM,,
compgeom,2009,ACM,,
compgeom,2010,ACM,,
compgeom,2011,ACM,,
compgeom,2012,ACM,,
compgeom,2013,ACM,,
compgeom,2014,ACM,,
compgeom,2015,Schloss Dagstuhl - Leibniz-Zentrum fuer Informatik,,
compgeom,2016,Schloss Dagstuhl - Leibniz-Zentrum fuer Informatik,,
concur,2000,Springer,,
concur,2001,Springer,,
concur,2002,Springer,,
concur,2003,Springer,,
concur,2004,Springer,,
concur,2005,Springer,,
concur,2006,Springer,,
concur,2007,Springer,,
concur,2008,Springer,,
concur,2009,Springer,,
concur,2010,Springer,,
concur,2011,Springer,,
concur,2012,Springer,,
concur,2013,Springer,,
concur,2014,Springer,,
concur,2015,Schloss Dagstuhl - Leibniz-Zentrum fuer Informatik,,
concur,2016,Schloss Dagstuhl - Leibniz-Zentrum fuer Informatik,,
coopis,2000,Springer,,
coopis,2001,Springer,,
coopis,2002,Springer,,
coopis,2003,Springer,,
coopis,2004,Springer,,
coopis,2004,Springer,,
crypto,2000,Springer,,
crypto,2001,Springer,,
crypto,2002,Springer,,
crypto,2003,Springer,,
crypto,2004,Springer,,
crypto,2005,Springer,,
crypto,2006,Springer,,
crypto,2007,Springer,,
crypto,2008,Springer,,
crypto,2009,Springer,,
crypto,2010,Springer,,
crypto,2011,Springer,,
crypto,2012,Springer,,
crypto,2013,Springer,,
crypto,2013,Springer,,
crypto,2014,Springer,,
crypto,2014,Springer,,
crypto,2015,Springer,,
crypto,2015,Springer,,
crypto,2016,Springer,,
crypto,2016,Springer,,
crypto,2016,Springer,,
csmr,2000,IEEE Computer Society,,
csmr,2001,IEEE Computer Society,,
csmr,2002,IEEE Computer Society,,
csmr,2003,IEEE Computer Society,,
csmr,2004,IEEE Computer Society,,
csmr,2005,IEEE Computer Society,,
csmr,2006,IEEE Computer Society,,
csmr,2007,IEEE Computer Society,,
csmr,2008,IEEE Computer Society,,
csmr,2009,IEEE Computer Society,,
csmr,2010,IEEE Computer Society,,
csmr,2011,IEEE Computer Society,,
csmr,2012,IEEE Computer Society,,
csmr,2013,IEEE Computer Society,,
csmr,2014,IEEE Computer Society,,
cvpr,2000,IEEE Computer Society,,
cvpr,2001,IEEE Computer Society,,
cvpr,2003,IEEE Computer Society,,
cvpr,2003,IEEE Computer Society,,
cvpr,2004,IEEE Computer Society,,
cvpr,2004,IEEE Computer Society,,
cvpr,2005,IEEE Computer Society,,
cvpr,2005,IEEE Computer Society,,
cvpr,2006,IEEE Computer Society,,
cvpr,2006,IEEE Computer Society,,
cvpr,2007,IEEE Computer Society,,
cvpr,2008,IEEE Computer Society,,
cvpr,2008,IEEE Computer Society,,
cvpr,2009,IEEE Computer Society,,
cvpr,2009,IEEE Computer Society,,
cvpr,2010,IEEE Computer Society,,
cvpr,2010,IEEE Computer Society,,
cvpr,2011,IEEE Computer Society,,
cvpr,2011,IEEE Computer Society,,
cvpr,2012,IEEE Computer Society,,
cvpr,2012,IEEE Computer Society,,
cvpr,2013,IEEE Computer Society,,
cvpr,2013,IEEE Computer Society,,
cvpr,2014,IEEE Computer Society,,
cvpr,2014,IEEE Computer Society,,
cvpr,2015,IEEE Computer Society,,
cvpr,2015,IEEE Computer Society,,
cvpr,2016,IEEE Computer Society,,
dasfaa,2001,IEEE Computer Society,,
dasfaa,2003,IEEE Computer Society,,
dasfaa,2004,Springer,,
dasfaa,2005,Springer,,
dasfaa,2006,Springer,,
dasfaa,2007,Springer,,
dasfaa,2008,Springer,,
dasfaa,2009,Springer,,
dasfaa,2009,Springer,,
dasfaa,2010,Springer,,
dasfaa,2010,Springer,,
dasfaa,2010,Springer,,
dasfaa,2011,Springer,,
dasfaa,2011,Springer,,
dasfaa,2011,Springer,,
dasfaa,2012,Springer,,
dasfaa,2012,Springer,,
dasfaa,2012,Springer,,
dasfaa,2013,Springer,,
dasfaa,2013,Springer,,
dasfaa,2013,Springer,,
dasfaa,2014,Springer,,
dasfaa,2014,Springer,,
dasfaa,2014,Springer,,
dasfaa,2015,Springer,,
dasfaa,2015,Springer,,
dasfaa,2015,Springer,,
dasfaa,2016,Springer,,
dasfaa,2016,Springer,,
dasfaa,2016,Springer,,
dbpl,2000,Springer,,
dbpl,2002,Springer,,
dbpl,2004,Springer,,
dbpl,2005,Springer,,
dbpl,2007,Springer,,
dbpl,2009,Springer,,
dbpl,2011,\N,,
dbpl,2015,ACM,,
dolap,2000,ACM,,
dolap,2001,ACM,,
dolap,2002,ACM,,
dolap,2003,ACM,,
dolap,2004,ACM,,
dolap,2005,ACM,,
dolap,2006,ACM,,
dolap,2007,ACM,,
dolap,2008,ACM,,
dolap,2009,ACM,,
dolap,2010,ACM,,
dolap,2011,ACM,,
dolap,2012,ACM,,
dolap,2013,ACM,,
dolap,2014,ACM,,
dolap,2015,ACM,,
edbt,2000,Springer,,
edbt,2002,Springer,,
edbt,2002,Matfyzpress,,
edbt,2004,Springer,,
edbt,2006,Springer,,
edbt,2008,ACM,,
edbt,2008,ACM,,
edbt,2008,ACM,,
edbt,2008,University of Magdeburg,,
edbt,2008,ACM,,
edbt,2009,ACM,,
edbt,2010,ACM,,
edbt,2011,ACM,,
edbt,2011,ACM,,
edbt,2011,ACM,,
edbt,2011,ACM,,
edbt,2011,ACM,,
edbt,2011,ACM,,
edbt,2012,ACM,,
edbt,2012,ACM,,
edbt,2013,ACM,,
edbt,2013,ACM,,
edbt,2014,OpenProceedings.org,,
edbt,2014,CEUR-WS.org,,
edbt,2015,OpenProceedings.org,,
edbt,2015,CEUR-WS.org,,
edbt,2016,OpenProceedings.org,,
edbt,2016,CEUR-WS.org,,
er,2000,Springer,,
er,2001,Springer,,
er,2002,Springer,,
er,2002,Springer,,
er,2003,Springer,,
er,2003,Springer,,
er,2004,Springer,,
er,2004,Springer,,
er,2005,Springer,,
er,2005,Springer,,
er,2006,Springer,,
er,2008,Springer,,
er,2006,Springer,,
er,2007,Springer,,
er,2007,Australian Computer Society,,
er,2007,Springer,,
er,2008,Springer,,
er,2008,Springer,,
er,2009,Springer,,
er,2010,CEUR-WS.org,,
er,2009,Springer,,
er,2010,Springer,,
er,2010,Springer,,
er,2011,Springer,,
er,2011,Springer,,
er,2012,Springer,,
er,2012,Springer,,
er,2013,Springer,,
er,2014,Springer,,
er,2014,Springer,,
er,2014,Springer,,
er,2015,Springer,,
er,2015,Springer,,
er,2016,\N,,
er,2016,\N,,
esa,2000,Springer,,
esa,2001,Springer,,
esa,2002,Springer,,
esa,2003,Springer,,
esa,2004,Springer,,
esa,2005,Springer,,
esa,2006,Springer,,
esa,2007,Springer,,
esa,2008,Springer,,
esa,2009,Springer,,
esa,2010,Springer,,
esa,2010,Springer,,
esa,2011,Springer,,
esa,2012,Springer,,
esa,2013,Springer,,
esa,2014,Springer,,
esa,2015,Springer,,
esa,2016,Schloss Dagstuhl - Leibniz-Zentrum fuer Informatik,,
eurocrypt,2000,Springer,,
eurocrypt,2001,Springer,,
eurocrypt,2002,Springer,,
eurocrypt,2003,Springer,,
eurocrypt,2004,Springer,,
eurocrypt,2005,Springer,,
eurocrypt,2006,Springer,,
eurocrypt,2007,Springer,,
eurocrypt,2008,Springer,,
eurocrypt,2009,Springer,,
eurocrypt,2010,Springer,,
eurocrypt,2011,Springer,,
eurocrypt,2012,Springer,,
eurocrypt,2013,Springer,,
eurocrypt,2014,Springer,,
eurocrypt,2015,Springer,,
eurocrypt,2015,Springer,,
eurocrypt,2016,Springer,,
eurocrypt,2016,Springer,,
fase,2000,Springer,,
fase,2001,Springer,,
fase,2002,Springer,,
fase,2003,Springer,,
fase,2004,Springer,,
fase,2005,Springer,,
fase,2006,Springer,,
fase,2007,Springer,,
fase,2008,Springer,,
fase,2009,Springer,,
fase,2010,Springer,,
fase,2011,Springer,,
fase,2012,Springer,,
fase,2013,Springer,,
fase,2014,Springer,,
fase,2015,Springer,,
fase,2016,Springer,,
focs,2000,IEEE Computer Society,,
focs,2001,IEEE Computer Society,,
focs,2002,IEEE Computer Society,,
focs,2003,IEEE Computer Society,,
focs,2004,IEEE Computer Society,,
focs,2005,IEEE Computer Society,,
focs,2006,IEEE Computer Society,,
focs,2007,IEEE Computer Society,,
focs,2008,IEEE Computer Society,,
focs,2009,IEEE Computer Society,,
focs,2010,IEEE Computer Society,,
focs,2011,IEEE Computer Society,,
focs,2012,IEEE Computer Society,,
focs,2013,IEEE Computer Society,,
focs,2014,IEEE Computer Society,,
focs,2015,IEEE Computer Society,,
fse,2001,Springer,,
fse,2002,Springer,,
fse,2002,Springer,,
fse,2003,Springer,,
fse,2004,Springer,,
fse,2005,Springer,,
fse,2006,Springer,,
fse,2007,Springer,,
fse,2008,Springer,,
fse,2009,Springer,,
fse,2010,Springer,,
fse,2011,Springer,,
fse,2012,Springer,,
fse,2014,Springer,,
fse,2015,Springer,,
fse,2015,Springer,,
fse,2016,Springer,,
fsttcs,2000,Springer,,
fsttcs,2001,Springer,,
fsttcs,2002,Springer,,
fsttcs,2003,Springer,,
fsttcs,2004,Springer,,
fsttcs,2005,Springer,,
fsttcs,2006,Springer,,
fsttcs,2007,Springer,,
fsttcs,2008,Schloss Dagstuhl - Leibniz-Zentrum fuer Informatik,,
fsttcs,2009,Schloss Dagstuhl - Leibniz-Zentrum fuer Informatik,,
fsttcs,2010,Schloss Dagstuhl - Leibniz-Zentrum fuer Informatik,,
fsttcs,2011,Schloss Dagstuhl - Leibniz-Zentrum fuer Informatik,,
fsttcs,2012,Schloss Dagstuhl - Leibniz-Zentrum fuer Informatik,,
fsttcs,2013,Schloss Dagstuhl - Leibniz-Zentrum fuer Informatik,,
fsttcs,2014,Schloss Dagstuhl - Leibniz-Zentrum fuer Informatik,,
fsttcs,2015,Schloss Dagstuhl - Leibniz-Zentrum fuer Informatik,,
gpce,2002,Springer,,
gpce,2003,Springer,,
gpce,2004,Springer,,
gpce,2005,Springer,,
gpce,2006,ACM,,
gpce,2007,ACM,,
gpce,2008,ACM,,
gpce,2009,ACM,,
gpce,2010,ACM,,
gpce,2010,ACM,,
gpce,2011,ACM,,
gpce,2012,ACM,,
gpce,2012,ACM,,
gpce,2013,ACM,,
gpce,2013,ACM,,
gpce,2014,ACM,,
gpce,2014,ACM,,
gpce,2015,ACM,,
gpce,2016,ACM,,
icalp,2000,Springer,,
icalp,2001,Springer,,
icalp,2002,Springer,,
icalp,2003,Springer,,
icalp,2004,Springer,,
icalp,2005,Springer,,
icalp,2006,Springer,,
icalp,2006,Springer,,
icalp,2007,Springer,,
icalp,2008,Springer,,
icalp,2008,Springer,,
icalp,2009,Springer,,
icalp,2009,Springer,,
icalp,2010,Springer,,
icalp,2010,Springer,,
icalp,2011,Springer,,
icalp,2011,Springer,,
icalp,2012,Springer,,
icalp,2012,Springer,,
icalp,2013,Springer,,
icalp,2013,Springer,,
icalp,2014,Springer,,
icalp,2014,Springer,,
icalp,2015,Springer,,
icalp,2015,Springer,,
icalp,2015,EasyChair,,
icalp,2016,Schloss Dagstuhl - Leibniz-Zentrum fuer Informatik,,
iccv,2003,IEEE Computer Society,,
iccv,2005,IEEE Computer Society,,
iccv,2005,Springer,,
iccv,2007,IEEE Computer Society,,
iccv,2007,Springer,,
iccv,2009,IEEE Computer Society,,
iccv,2011,IEEE Computer Society,,
iccv,2013,IEEE Computer Society,,
iccv,2015,IEEE Computer Society,,
icde,2001,IEEE Computer Society,,
icde,2001,\N,,
icde,2002,IEEE Computer Society,,
icde,2003,IEEE Computer Society,,
icde,2004,IEEE Computer Society,,
icde,2005,IEEE Computer Society,,
icde,2005,IEEE Computer Society,,
icde,2006,IEEE Computer Society,,
icde,2006,IEEE Computer Society,,
icde,2007,IEEE Computer Society,,
icde,2007,IEEE Computer Society,,
icde,2008,IEEE Computer Society,,
icde,2008,IEEE Computer Society,,
icde,2009,IEEE Computer Society,,
icde,2010,IEEE Computer Society,,
icde,2010,IEEE Computer Society,,
icde,2011,IEEE Computer Society,,
icde,2011,IEEE Computer Society,,
icde,2012,IEEE Computer Society,,
icde,2012,IEEE Computer Society,,
icde,2013,IEEE Computer Society,,
icde,2013,IEEE Computer Society,,
icde,2014,IEEE Computer Society,,
icde,2014,IEEE Computer Society,,
icde,2015,IEEE Computer Society,,
icde,2015,IEEE Computer Society,,
icde,2016,IEEE Computer Society,,
icde,2016,IEEE Computer Society,,
icdt,2001,Springer,,
icdt,2002,Springer,,
icdt,2005,Springer,,
icdt,2007,Springer,,
icdt,2007,CEUR-WS.org,,
icdt,2009,ACM,,
icdt,2010,ACM,,
icdt,2011,ACM,,
icdt,2012,ACM,,
icdt,2013,ACM,,
icdt,2014,OpenProceedings.org,,
icdt,2015,Schloss Dagstuhl - Leibniz-Zentrum fuer Informatik,,
icdt,2016,Schloss Dagstuhl - Leibniz-Zentrum fuer Informatik,,
icml,2000,Morgan Kaufmann,,
icml,2001,Morgan Kaufmann,,
icml,2002,Morgan Kaufmann,,
icml,2003,AAAI Press,,
icml,2004,ACM,,
icml,2005,ACM,,
icml,2006,ACM,,
icml,2007,Springer,,
icml,2007,ACM,,
icml,2008,ACM,,
icml,2009,ACM,,
icml,2010,Omnipress,,
icml,2011,Omnipress,,
icml,2012,icml.cc / Omnipress,,
icml,2013,JMLR.org,,
icml,2014,JMLR.org,,
icml,2015,JMLR.org,,
icml,2015,JMLR.org,,
icml,2015,Springer,,
icml,2015,CEUR-WS.org,,
icml,2016,JMLR.org,,
icml,2003,\N,,
icse,2000,ACM,,
icse,2000,ACM,,
icse,2001,IEEE Computer Society,,
icse,2002,ACM,,
icse,2003,Springer,,
icse,2003,IEEE Computer Society,,
icse,2003,IFIP,,
icse,2003,\N,,
icse,2004,Springer,,
icse,2004,IEEE Computer Society,,
icse,2005,Springer,,
icse,2005,ACM,,
icse,2006,Springer,,
icse,2005,ACM,,
icse,2005,ACM,,
icse,2006,ACM,,
icse,2006,ACM,,
icse,2006,ACM,,
icse,2006,ACM,,
icse,2007,Springer,,
icse,2006,ACM,,
icse,2007,IEEE Computer Society,,
icse,2007,IEEE Computer Society,,
icse,2007,IEEE Computer Society,,
icse,2007,IEEE Computer Society,,
icse,2007,IEEE Computer Society,,
icse,2007,IEEE Computer Society,,
icse,2007,IEEE Computer Society,,
icse,2007,IEEE Computer Society,,
icse,2008,Springer,,
icse,2007,IEEE Computer Society,,
icse,2008,ACM,,
icse,2008,ACM,,
icse,2008,ACM,,
icse,2008,ACM,,
icse,2008,ACM,,
icse,2008,ACM,,
icse,2008,ACM,,
icse,2008,ACM,,
icse,2009,Springer,,
icse,2008,ACM,,
icse,2009,IEEE,,
icse,2009,IEEE Computer Society,,
icse,2009,IEEE,,
icse,2009,IEEE Computer Society,,
icse,2009,IEEE Computer Society,,
icse,2009,IEEE Computer Society,,
icse,2009,IEEE Computer Society,,
icse,2009,IEEE Computer Society,,
icse,2009,IEEE Computer Society,,
icse,2009,IEEE Computer Society,,
icse,2009,IEEE Computer Society,,
icse,2009,IEEE Computer Society,,
icse,2010,Springer,,
icse,2009,IEEE Computer Society,,
icse,2010,ACM,,
icse,2010,ACM,,
icse,2010,ACM,,
icse,2010,ACM,,
icse,2010,ACM,,
icse,2010,ACM,,
icse,2010,ACM,,
icse,2010,ACM,,
icse,2010,ACM,,
icse,2010,ACM,,
icse,2010,ACM,,
icse,2010,ACM,,
icse,2010,ACM,,
icse,2010,ACM,,
icse,2011,ACM,,
icse,2011,ACM,,
icse,2011,ACM,,
icse,2011,ACM,,
icse,2011,ACM,,
icse,2011,ACM,,
icse,2011,ACM,,
icse,2011,ACM,,
icse,2011,ACM,,
icse,2011,ACM,,
icse,2011,ACM,,
icse,2011,ACM,,
icse,2011,ACM,,
icse,2011,ACM,,
icse,2011,ACM,,
icse,2011,ACM,,
icse,2012,IEEE Computer Society,,
icse,2012,IEEE Computer Society,,
icse,2012,IEEE Computer Society,,
icse,2012,IEEE,,
icse,2012,IEEE,,
icse,2012,IEEE,,
icse,2012,IEEE/ACM,,
icse,2012,IEEE Computer Society,,
icse,2012,IEEE/ACM,,
icse,2012,IEEE,,
icse,2012,IEEE/ACM,,
icse,2012,IEEE,,
icse,2012,IEEE,,
icse,2012,IEEE,,
icse,2012,IEEE,,
icse,2012,IEEE Computer Society,,
icse,2012,IEEE,,
icse,2012,IEEE Computer Society,,
icse,2012,IEEE Computer Society,,
icse,2012,IEEE,,
icse,2012,IEEE,,
icse,2012,IEEE,,
icse,2012,IEEE Computer Society,,
icse,2012,ACM,,
icse,2013,IEEE Computer Society,,
icse,2013,IEEE Computer Society,,
icse,2013,IEEE Computer Society,,
icse,2013,IEEE Computer Society,,
icse,2013,IEEE Computer Society,,
icse,2013,IEEE Computer Society,,
icse,2013,IEEE Computer Society,,
icse,2013,IEEE,,
icse,2013,IEEE Computer Society,,
icse,2013,IEEE Computer Society,,
icse,2013,IEEE Computer Society,,
icse,2013,IEEE Computer Society,,
icse,2013,IEEE Computer Society,,
icse,2013,IEEE Computer Society,,
icse,2013,IEEE Computer Society,,
icse,2013,IEEE Computer Society,,
icse,2013,IEEE Computer Society,,
icse,2013,IEEE Computer Society,,
icse,2013,IEEE Computer Society,,
icse,2013,IEEE Computer Society,,
icse,2013,IEEE Computer Society,,
icse,2013,IEEE Computer Society,,
icse,2013,IEEE Computer Society,,
icse,2013,IEEE Computer Society,,
icse,2013,IEEE Computer Society,,
icse,2013,IEEE Computer Society,,
icse,2013,IEEE Computer Society,,
icse,2014,ACM,,
icse,2014,ACM,,
icse,2014,ACM,,
icse,2014,ACM,,
icse,2014,ACM,,
icse,2014,ACM,,
icse,2014,ACM,,
icse,2014,ACM,,
icse,2014,ACM,,
icse,2014,ACM,,
icse,2014,ACM,,
icse,2014,ACM,,
icse,2014,ACM,,
icse,2014,ACM,,
icse,2014,ACM,,
icse,2014,ACM,,
icse,2014,ACM,,
icse,2014,ACM,,
icse,2014,ACM,,
icse,2014,ACM,,
icse,2014,ACM,,
icse,2014,ACM,,
icse,2014,ACM,,
icse,2014,ACM,,
icse,2014,ACM,,
icse,2015,IEEE Computer Society,,
icse,2015,IEEE Computer Society,,
icse,2015,IEEE Computer Society,,
icse,2015,IEEE Computer Society,,
icse,2015,IEEE Computer Society,,
icse,2015,IEEE Computer Society,,
icse,2015,IEEE Computer Society,,
icse,2015,IEEE Computer Society,,
icse,2015,IEEE Computer Society,,
icse,2015,IEEE Computer Society,,
icse,2015,IEEE Computer Society,,
icse,2015,IEEE Computer Society,,
icse,2015,IEEE Computer Society,,
icse,2015,IEEE Computer Society,,
icse,2015,IEEE Computer Society,,
icse,2015,IEEE Computer Society,,
icse,2015,IEEE Computer Society,,
icse,2015,IEEE Computer Society,,
icse,2015,IEEE Computer Society,,
icse,2015,IEEE Computer Society,,
icse,2015,IEEE Computer Society,,
icse,2015,IEEE Computer Society,,
icse,2015,IEEE Computer Society,,
icse,2015,IEEE Computer Society,,
icse,2015,CEUR-WS.org,,
icse,2015,IEEE,,
icse,2015,IEEE Computer Society,,
icse,2015,IEEE Computer Society,,
icse,2015,IEEE Computer Society,,
icse,2015,IEEE Computer Society,,
icse,2015,IEEE Computer Society,,
icse,2015,IEEE Computer Society,,
icse,2015,IEEE Copmuter Society,,
icse,2016,ACM,,
icse,2016,ACM,,
icse,2016,ACM,,
icse,2016,ACM,,
icse,2016,ACM,,
icse,2016,ACM,,
icse,2016,ACM,,
icse,2016,ACM,,
icse,2016,ACM,,
icse,2016,ACM,,
icse,2016,ACM,,
icse,2016,ACM,,
icse,2016,ACM,,
icse,2016,ACM,,
icse,2016,ACM,,
icse,2016,ACM,,
icse,2016,ACM,,
icse,2016,ACM,,
icse,2016,ACM,,
icse,2016,ACM,,
icse,2016,ACM,,
icse,2016,ACM,,
icse,2016,ACM,,
icse,2016,ACM,,
icse,2016,ACM,,
icse,2016,ACM,,
icsm,2000,IEEE Computer Society,,
icsm,2001,IEEE Computer Society,,
icsm,2002,IEEE Computer Society,,
icsm,2003,IEEE Computer Society,,
icsm,2004,IEEE Computer Society,,
icsm,2005,IEEE Computer Society,,
icsm,2005,\N,,
icsm,2006,IEEE Computer Society,,
icsm,2007,IEEE,,
icsm,2008,IEEE Computer Society,,
icsm,2009,IEEE Computer Society,,
icsm,2010,IEEE Computer Society,,
icsm,2011,IEEE Computer Society,,
icsm,2012,IEEE Computer Society,,
icsm,2013,IEEE Computer Society,,
icsm,2013,IEEE Computer Society,,
icsm,2014,IEEE Computer Society,,
icsm,2014,IEEE Computer Society,,
icsm,2014,IEEE Computer Society,,
icsm,2015,IEEE Computer Society,,
icsm,2015,IEEE Computer Society,,
icsm,2015,IEEE Computer Society,,
ijcai,2001,Morgan Kaufmann,,
ijcai,2001,CEUR-WS.org,,
ijcai,2003,Morgan Kaufmann,,
ijcai,2003,\N,,
ijcai,2005,Springer,,
ijcai,2005,Professional Book Center,,
ijcai,2007,\N,,
ijcai,2007,CEUR-WS.org,,
ijcai,2009,\N,,
ijcai,2009,CEUR-WS.org,,
ijcai,2011,IJCAI/AAAI,,
ijcai,2011,\N,,
ijcai,2013,IJCAI/AAAI,,
ijcai,2013,ACM,,
ijcai,2014,Springer,,
ijcai,2013,CEUR-WS.org,,
ijcai,2013,ACM,,
ijcai,2013,CEUR-WS.org,,
ijcai,2015,AAAI Press,,
ijcai,2015,CEUR-WS.org,,
ijcai,2016,Springer,,
ijcai,2015,CEUR-WS.org,,
ijcai,2015,CEUR-WS.org,,
ijcai,2015,CEUR-WS.org,,
ijcai,2015,CEUR-WS.org,,
ijcai,2015,CEUR-WS.org,,
ijcai,2015,CEUR-WS.org,,
ijcai,2016,IJCAI/AAAI Press,,
ijcai,2016,CEUR-WS.org,,
ijcai,2016,CEUR-WS.org,,
ijcai,2016,CEUR-WS.org,,
ijcai,2016,CEUR-WS.org,,
ijcai,2016,CEUR-WS.org,,
ijcai,2016,CEUR-WS.org,,
infocom,2000,IEEE,,
infocom,2001,IEEE,,
infocom,2002,IEEE,,
infocom,2003,IEEE,,
infocom,2004,IEEE,,
infocom,2005,IEEE,,
infocom,2006,IEEE,,
infocom,2007,IEEE,,
infocom,2008,IEEE,,
infocom,2009,IEEE,,
infocom,2010,IEEE,,
infocom,2011,IEEE,,
infocom,2012,IEEE,,
infocom,2012,IEEE,,
infocom,2013,IEEE,,
infocom,2013,IEEE,,
infocom,2014,IEEE,,
infocom,2014,IEEE,,
infocom,2015,IEEE,,
infocom,2015,IEEE,,
infocom,2016,IEEE,,
infocom,2016,IEEE,,
ipco,2001,Springer,,
ipco,2002,Springer,,
ipco,2004,Springer,,
ipco,2005,Springer,,
ipco,2007,Springer,,
ipco,2008,Springer,,
ipco,2010,Springer,,
ipco,2011,Springer,,
ipco,2013,Springer,,
ipco,2014,Springer,,
ipco,2016,Springer,,
isaac,2000,Springer,,
isaac,2001,Springer,,
isaac,2002,Springer,,
isaac,2003,Springer,,
isaac,2004,Springer,,
isaac,2005,Springer,,
isaac,2006,Springer,,
isaac,2007,Springer,,
isaac,2008,Springer,,
isaac,2009,Springer,,
isaac,2010,Springer,,
isaac,2010,Springer,,
isaac,2011,Springer,,
isaac,2012,Springer,,
isaac,2013,Springer,,
isaac,2014,Springer,,
isaac,2015,Springer,,
issac,2000,ACM,,
issac,2001,ACM,,
issac,2002,ACM,,
issac,2003,ACM,,
issac,2004,ACM,,
issac,2005,ACM,,
issac,2006,ACM,,
issac,2007,ACM,,
issac,2007,ACM,,
issac,2007,ACM,,
issac,2008,ACM,,
issac,2009,ACM,,
issac,2010,ACM,,
issac,2011,ACM,,
issac,2012,ACM,,
issac,2013,ACM,,
issac,2014,ACM,,
issac,2015,ACM,,
issac,2016,ACM,,
iwpc,2000,IEEE Computer Society,,
iwpc,2001,IEEE Computer Society,,
iwpc,2002,IEEE Computer Society,,
iwpc,2003,IEEE Computer Society,,
iwpc,2004,IEEE Computer Society,,
iwpc,2005,IEEE Computer Society,,
iwpc,2006,IEEE Computer Society,,
iwpc,2007,IEEE Computer Society,,
iwpc,2008,IEEE Computer Society,,
iwpc,2009,IEEE Computer Society,,
iwpc,2010,IEEE Computer Society,,
iwpc,2011,IEEE Computer Society,,
iwpc,2012,IEEE Computer Society,,
iwpc,2013,IEEE Computer Society,,
iwpc,2014,ACM,,
iwpc,2015,IEEE Computer Society,,
iwpc,2016,IEEE Computer Society,,
kbse,2000,IEEE Computer Society,,
kbse,2001,IEEE Computer Society,,
kbse,2002,IEEE Computer Society,,
kbse,2003,IEEE Computer Society,,
kbse,2004,IEEE Computer Society,,
kbse,2005,ACM,,
kbse,2005,ACM,,
kbse,2006,IEEE Computer Society,,
kbse,2007,ACM,,
kbse,2008,IEEE Computer Society,,
kbse,2008,IEEE,,
kbse,2009,IEEE Computer Society,,
kbse,2010,ACM,,
kbse,2011,IEEE Computer Society,,
kbse,2012,ACM,,
kbse,2013,IEEE,,
kbse,2014,ACM,,
kbse,2014,ACM,,
kbse,2015,IEEE Computer Society,,
kbse,2015,IEEE Computer Society,,
kbse,2016,ACM,,
kbse,2016,ACM,,
kdd,2000,Springer,,
kdd,2000,Springer,,
kdd,2000,ACM,,
kdd,2000,University of Alberta,,
kdd,2001,ACM,,
kdd,2001,University of Alberta,,
kdd,2002,Springer,,
kdd,2002,ACM,,
kdd,2002,\N,,
kdd,2002,University of Alberta,,
kdd,2003,Springer,,
kdd,2003,Springer,,
kdd,2003,ACM,,
kdd,2003,\N,,
kdd,2004,ACM,,
kdd,2004,\N,,
kdd,2006,Springer,,
kdd,2005,ACM,,
kdd,2005,ACM,,
kdd,2005,ACM,,
kdd,2005,ACM,,
kdd,2006,Springer,,
kdd,2006,ACM,,
kdd,2007,Springer,,
kdd,2007,ACM,,
kdd,2008,Springer,,
kdd,2009,Springer,,
kdd,2008,ACM,,
kdd,2009,Springer,,
kdd,2010,Springer,,
kdd,2010,Springer,,
kdd,2009,ACM,,
kdd,2009,ACM,,
kdd,2009,ACM,,
kdd,2009,ACM,,
kdd,2009,ACM,,
kdd,2009,ACM,,
kdd,2009,ACM,,
kdd,2009,ACM,,
kdd,2009,ACM,,
kdd,2009,ACM,,
kdd,2010,ACM,,
kdd,2011,ACM,,
kdd,2011,ACM,,
kdd,2012,ACM,,
kdd,2012,ACM,,
kdd,2012,ACM,,
kdd,2012,ACM,,
kdd,2012,ACM,,
kdd,2013,ACM,,
kdd,2013,ACM,,
kdd,2013,ACM,,
kdd,2013,ACM,,
kdd,2013,ACM,,
kdd,2013,ACM,,
kdd,2013,ACM,,
kdd,2013,ACM,,
kdd,2013,ACM,,
kdd,2014,ACM,,
kdd,2014,ACM,,
kdd,2014,JMLR.org,,
kdd,2014,ACM,,
kdd,2015,ACM,,
kdd,2015,JMLR.org,,
kdd,2016,ACM,,
latin,2000,Springer,,
latin,2002,Springer,,
latin,2004,Springer,,
latin,2006,Springer,,
latin,2008,Springer,,
latin,2010,Springer,,
latin,2012,Springer,,
latin,2014,Springer,,
latin,2016,Springer,,
lfcs,2007,Springer,,
lfcs,2009,Springer,,
lfcs,2013,Springer,,
lfcs,2016,Springer,,
lics,2000,IEEE Computer Society,,
lics,2001,IEEE Computer Society,,
lics,2002,IEEE Computer Society,,
lics,2003,IEEE Computer Society,,
lics,2004,IEEE Computer Society,,
lics,2005,IEEE Computer Society,,
lics,2006,IEEE Computer Society,,
lics,2007,IEEE Computer Society,,
lics,2008,IEEE Computer Society,,
lics,2009,IEEE Computer Society,,
lics,2010,IEEE Computer Society,,
lics,2012,EasyChair,,
lics,2013,EasyChair,,
lics,2011,IEEE Computer Society,,
lics,2012,IEEE Computer Society,,
lics,2013,IEEE Computer Society,,
lics,2015,IEEE Computer Society,,
lics,2016,ACM,,
mfcs,2000,Springer,,
mfcs,2001,Springer,,
mfcs,2002,Springer,,
mfcs,2003,Springer,,
mfcs,2004,Springer,,
mfcs,2005,Springer,,
mfcs,2006,Springer,,
mfcs,2007,Springer,,
mfcs,2008,Springer,,
mfcs,2009,Springer,,
mfcs,2010,Springer,,
mfcs,2011,Springer,,
mfcs,2012,Springer,,
mfcs,2013,Springer,,
mfcs,2014,Springer,,
mfcs,2014,Springer,,
mfcs,2015,Springer,,
mfcs,2015,Springer,,
mfcs,2016,Schloss Dagstuhl - Leibniz-Zentrum fuer Informatik,,
mobicom,2000,ACM,,
mobicom,2001,ACM,,
mobicom,2002,ACM,,
mobicom,2002,ACM,,
mobicom,2003,ACM,,
mobicom,2004,ACM,,
mobicom,2004,ACM,,
mobicom,2004,ACM,,
mobicom,2005,ACM,,
mobicom,2005,ACM,,
mobicom,2006,ACM,,
mobicom,2006,ACM,,
mobicom,2006,ACM,,
mobicom,2006,ACM,,
mobicom,2007,ACM,,
mobicom,2007,ACM,,
mobicom,2007,ACM,,
mobicom,2007,ACM,,
mobicom,2007,ACM,,
mobicom,2007,ACM,,
mobicom,2008,ACM,,
mobicom,2008,ACM,,
mobicom,2008,ACM,,
mobicom,2008,ACM,,
mobicom,2008,ACM,,
mobicom,2008,ACM,,
mobicom,2008,ACM,,
mobicom,2009,ACM,,
mobicom,2009,ACM,,
mobicom,2009,ACM,,
mobicom,2009,ACM,,
mobicom,2010,ACM,,
mobicom,2010,ACM,,
mobicom,2010,ACM,,
mobicom,2010,ACM,,
mobicom,2011,ACM,,
mobicom,2011,ACM,,
mobicom,2011,ACM,,
mobicom,2011,ACM,,
mobicom,2012,ACM,,
mobicom,2012,ACM,,
mobicom,2013,ACM,,
mobicom,2013,ACM,,
mobicom,2013,ACM,,
mobicom,2013,ACM,,
mobicom,2013,ACM,,
mobicom,2013,ACM,,
mobicom,2014,ACM,,
mobicom,2014,ACM,,
mobicom,2014,ACM,,
mobicom,2014,ACM,,
mobicom,2014,ACM,,
mobicom,2014,ACM,,
mobicom,2014,ACM,,
mobicom,2015,ACM,,
mobicom,2015,ACM,,
mobicom,2015,ACM,,
mobicom,2015,ACM,,
mobicom,2015,ACM,,
mobicom,2015,ACM,,
mobicom,2015,ACM,,
mobicom,2015,ACM,,
mobicom,2015,ACM,,
mobicom,2016,ACM,,
mobicom,2016,ACM,,
mobicom,2016,ACM,,
mobicom,2016,ACM,,
mobicom,2016,ACM,,
msr,2005,ACM,,
msr,2006,ACM,,
msr,2007,IEEE Computer Society,,
msr,2008,ACM,,
msr,2009,IEEE Computer Society,,
msr,2010,IEEE Computer Society,,
msr,2011,ACM,,
msr,2012,IEEE Computer Society,,
msr,2013,IEEE Computer Society,,
msr,2014,ACM,,
msr,2015,IEEE,,
msr,2016,ACM,,
nsdi,2004,USENIX,,
nsdi,2005,USENIX,,
nsdi,2006,USENIX,,
nsdi,2007,USENIX,,
nsdi,2007,USENIX Association,,
nsdi,2007,USENIX Association,,
nsdi,2008,USENIX Association,,
nsdi,2008,USENIX Association,,
nsdi,2008,USENIX Association,,
nsdi,2008,USENIX Association,,
nsdi,2009,USENIX Association,,
nsdi,2010,USENIX Association,,
nsdi,2010,USENIX Association,,
nsdi,2011,USENIX Association,,
nsdi,2011,USENIX Association,,
nsdi,2012,USENIX Association,,
nsdi,2012,USENIX Association,,
nsdi,2013,USENIX Association,,
nsdi,2014,USENIX Association,,
nsdi,2015,USENIX Association,,
osdi,2000,USENIX Association,,
osdi,2002,USENIX Association,,
osdi,2004,USENIX Association,,
osdi,2004,USENIX Association,,
osdi,2006,USENIX Association,,
osdi,2006,USENIX Association,,
osdi,2008,USENIX Association,,
osdi,2008,USENIX Association,,
osdi,2008,USENIX Association,,
osdi,2008,USENIX Association,,
osdi,2008,USENIX Association,,
osdi,2010,USENIX Association,,
osdi,2010,USENIX Association,,
osdi,2010,USENIX Association,,
osdi,2012,USENIX Association,,
osdi,2012,USENIX Association,,
osdi,2012,USENIX Association,,
osdi,2014,USENIX Association,,
osdi,2014,USENIX Association,,
osdi,2014,USENIX Association,,
osdi,2016,USENIX Association,,
osdi,2016,USENIX Association,,
pldi,2000,ACM,,
pldi,2001,ACM,,
pldi,2002,ACM,,
pldi,2003,ACM,,
pldi,2004,ACM,,
pldi,2004,ACM,,
pldi,2005,ACM,,
pldi,2006,ACM,,
pldi,2006,ACM,,
pldi,2007,ACM,,
pldi,2007,ACM,,
pldi,2008,ACM,,
pldi,2008,ACM,,
pldi,2009,ACM,,
pldi,2009,ACM,,
pldi,2010,ACM,,
pldi,2010,ACM,,
pldi,2011,ACM,,
pldi,2011,ACM,,
pldi,2011,ACM,,
pldi,2012,ACM,,
pldi,2012,ACM,,
pldi,2012,ACM,,
pldi,2012,ACM,,
pldi,2013,ACM,,
pldi,2013,ACM,,
pldi,2013,ACM,,
pldi,2013,ACM,,
pldi,2013,ACM,,
pldi,2014,ACM,,
pldi,2014,ACM,,
pldi,2014,ACM,,
pldi,2014,ACM,,
pldi,2014,ACM,,
pldi,2014,ACM,,
pldi,2015,ACM,,
pldi,2015,ACM,,
pldi,2015,ACM,,
pldi,2015,ACM,,
pldi,2015,ACM,,
pldi,2016,ACM,,
pldi,2016,ACM,,
pldi,2016,ACM,,
podc,2000,ACM,,
podc,2001,ACM,,
podc,2002,ACM,,
podc,2003,ACM,,
podc,2004,ACM,,
podc,2005,ACM,,
podc,2006,ACM,,
podc,2007,ACM,,
podc,2008,ACM,,
podc,2009,ACM,,
podc,2010,ACM,,
podc,2010,ACM,,
podc,2011,ACM,,
podc,2012,ACM,,
podc,2013,ACM,,
podc,2014,ACM,,
podc,2014,Springer,,
podc,2015,ACM,,
podc,2015,Springer,,
podc,2016,ACM,,
pods,2000,ACM,,
pods,2001,ACM,,
pods,2002,ACM,,
pods,2003,ACM,,
pods,2004,ACM,,
pods,2005,ACM,,
pods,2006,ACM,,
pods,2007,ACM,,
pods,2008,ACM,,
pods,2009,ACM,,
pods,2010,ACM,,
pods,2011,ACM,,
pods,2012,ACM,,
pods,2013,ACM,,
pods,2014,ACM,,
pods,2015,ACM,,
pods,2016,ACM,,
popl,2000,ACM,,
popl,2001,ACM,,
popl,2002,ACM,,
popl,2003,ACM,,
popl,2004,ACM,,
popl,2005,ACM,,
popl,2005,ACM,,
popl,2006,ACM,,
popl,2007,ACM,,
popl,2007,ACM,,
popl,2008,ACM,,
popl,2009,ACM,,
popl,2009,ACM,,
popl,2010,ACM,,
popl,2010,ACM,,
popl,2011,ACM,,
popl,2011,ACM,,
popl,2012,ACM,,
popl,2012,ACM,,
popl,2013,ACM,,
popl,2013,ACM,,
popl,2013,ACM,,
popl,2014,ACM,,
popl,2014,ACM,,
popl,2015,ACM,,
popl,2015,ACM,,
popl,2016,ACM,,
recomb,2004,Springer,,
recomb,2004,ACM,,
recomb,2005,Springer,,
recomb,2005,Springer,,
recomb,2005,Springer,,
recomb,2005,Springer,,
recomb,2006,Springer,,
recomb,2006,Springer,,
recomb,2006,Springer,,
recomb,2007,Springer,,
recomb,2007,Springer,,
recomb,2007,Springer,,
recomb,2008,Springer,,
recomb,2008,Springer,,
recomb,2009,Springer,,
recomb,2009,Springer,,
recomb,2010,Springer,,
recomb,2010,Springer,,
recomb,2011,Springer,,
recomb,2012,Springer,,
recomb,2013,Springer,,
recomb,2014,Springer,,
recomb,2015,Springer,,
recomb,2016,Springer,,
ride,2000,IEEE Computer Society,,
ride,2001,IEEE Computer Society,,
ride,2002,IEEE Computer Society,,
ride,2003,IEEE Computer Society,,
ride,2004,IEEE Computer Society,,
ride,2005,IEEE Computer Society,,
scam,2001,IEEE Computer Society,,
scam,2002,IEEE Computer Society,,
scam,2003,IEEE Computer Society,,
scam,2004,IEEE Computer Society,,
scam,2005,IEEE Computer Society,,
scam,2006,IEEE Computer Society,,
scam,2007,IEEE Computer Society,,
scam,2008,IEEE Computer Society,,
scam,2009,IEEE Computer Society,,
scam,2010,IEEE Computer Society,,
scam,2011,IEEE Computer Society,,
scam,2012,IEEE Computer Society,,
scam,2013,IEEE Computer Society,,
scam,2014,IEEE Computer Society,,
scam,2015,IEEE Computer Society,,
sigcomm,2002,ACM,,
sigcomm,2003,ACM,,
sigcomm,2004,ACM,,
sigcomm,2005,ACM,,
sigcomm,2006,ACM,,
sigcomm,2006,ACM,,
sigcomm,2007,ACM,,
sigcomm,2008,ACM,,
sigcomm,2008,ACM,,
sigcomm,2008,ACM,,
sigcomm,2009,ACM,,
sigcomm,2009,ACM,,
sigcomm,2009,ACM,,
sigcomm,2009,ACM,,
sigcomm,2009,ACM,,
sigcomm,2009,ACM,,
sigcomm,2010,ACM,,
sigcomm,2010,ACM,,
sigcomm,2010,ACM,,
sigcomm,2010,ACM,,
sigcomm,2011,ACM,,
sigcomm,2012,ACM,,
sigcomm,2012,ACM,,
sigcomm,2013,ACM,,
sigcomm,2013,ACM,,
sigcomm,2013,ACM,,
sigcomm,2013,ACM,,
sigcomm,2013,ACM,,
sigcomm,2013,ACM,,
sigcomm,2014,ACM,,
sigcomm,2014,ACM,,
sigcomm,2014,ACM,,
sigcomm,2014,ACM,,
sigcomm,2014,ACM,,
sigcomm,2014,ACM,,
sigcomm,2015,ACM,,
sigcomm,2015,ACM,,
sigcomm,2015,ACM,,
sigcomm,2015,ACM,,
sigcomm,2016,ACM,,
sigir,2001,ACM,,
sigir,2002,Springer,,
sigir,2002,ACM,,
sigir,2003,ACM,,
sigir,2004,Springer,,
sigir,2004,ACM,,
sigir,2004,\N,,
sigir,2005,ACM,,
sigir,2006,ACM,,
sigir,2007,ACM,,
sigir,2007,CEUR-WS.org,,
sigir,2008,ACM,,
sigir,2008,ACM,,
sigir,2009,ACM,,
sigir,2010,ACM,,
sigir,2011,ACM,,
sigir,2012,ACM,,
sigir,2013,ACM,,
sigir,2014,ACM,,
sigir,2014,ACM,,
sigir,2014,CEUR-WS.org,,
sigir,2014,CEUR-WS.org,,
sigir,2014,CEUR-WS.org,,
sigir,2014,ACM,,
sigir,2015,ACM,,
sigir,2015,CEUR-WS.org,,
sigir,2015,CEUR-WS.org,,
sigir,2016,ACM,,
sigir,2016,CEUR-WS.org,,
sigir,2016,CEUR-WS.org,,
sigmetrics,2000,ACM,,
sigmetrics,2001,ACM,,
sigmetrics,2002,ACM,,
sigmetrics,2003,ACM,,
sigmetrics,2004,ACM,,
sigmetrics,2005,ACM,,
sigmetrics,2006,ACM,,
sigmetrics,2007,ACM,,
sigmetrics,2008,ACM,,
sigmetrics,2009,ACM,,
sigmetrics,2010,ACM,,
sigmetrics,2011,ACM,,
sigmetrics,2012,ACM,,
sigmetrics,2013,ACM,,
sigmetrics,2014,ACM,,
sigmetrics,2015,ACM,,
sigmetrics,2016,ACM,,
sigmod,2000,ACM,,
sigmod,2001,ACM,,
sigmod,2002,ACM,,
sigmod,2003,ACM,,
sigmod,2004,ACM,,
sigmod,2005,ACM,,
sigmod,2006,ACM,,
sigmod,2007,ACM,,
sigmod,2008,ACM,,
sigmod,2008,ACM,,
sigmod,2009,ACM,,
sigmod,2009,ACM,,
sigmod,2009,ACM,,
sigmod,2010,ACM,,
sigmod,2010,ACM,,
sigmod,2010,ACM,,
sigmod,2011,ACM,,
sigmod,2011,ACM,,
sigmod,2011,ACM,,
sigmod,2012,ACM,,
sigmod,2012,ACM,,
sigmod,2012,ACM,,
sigmod,2012,ACM,,
sigmod,2012,ACM,,
sigmod,2012,ACM,,
sigmod,2013,ACM,,
sigmod,2013,ACM,,
sigmod,2013,ACM,,
sigmod,2013,CWI/ACM,,
sigmod,2013,ACM,,
sigmod,2013,ACM,,
sigmod,2014,ACM,,
sigmod,2014,ACM,,
sigmod,2014,ACM,,
sigmod,2014,ACM,,
sigmod,2014,CWI/ACM,,
sigmod,2014,ACM,,
sigmod,2014,ACM,,
sigmod,2015,ACM,,
sigmod,2015,ACM,,
sigmod,2015,ACM,,
sigmod,2015,ACM,,
sigmod,2015,ACM,,
sigmod,2015,ACM,,
sigmod,2016,ACM,,
sigmod,2016,ACM,,
sigmod,2016,ACM,,
sigmod,2016,ACM,,
sigmod,2016,ACM,,
sigmod,2016,ACM,,
sigmod,2016,ACM,,
sigmod,2016,ACM,,
soda,2000,ACM/SIAM,,
soda,2001,ACM/SIAM,,
soda,2002,ACM/SIAM,,
soda,2003,ACM/SIAM,,
soda,2004,SIAM,,
soda,2005,SIAM,,
soda,2006,ACM Press,,
soda,2007,SIAM,,
soda,2008,SIAM,,
soda,2009,SIAM,,
soda,2010,SIAM,,
soda,2011,SIAM,,
soda,2012,SIAM,,
soda,2013,SIAM,,
soda,2014,SIAM,,
soda,2015,SIAM,,
soda,2016,SIAM,,
sosp,2001,ACM,,
sosp,2003,ACM,,
sosp,2005,ACM,,
sosp,2007,ACM,,
sosp,2009,ACM,,
sosp,2011,ACM,,
sosp,2013,ACM,,
sosp,2013,ACM,,
sosp,2013,ACM,,
sosp,2013,ACM,,
sosp,2013,ACM,,
sosp,2015,ACM,,
sosp,2015,ACM,,
sosp,2015,ACM,,
sosp,2015,ACM,,
sosp,2015,ACM,,
sp,2000,IEEE Computer Society,,
sp,2001,IEEE Computer Society,,
sp,2002,IEEE Computer Society,,
sp,2003,IEEE Computer Society,,
sp,2004,IEEE Computer Society,,
sp,2005,IEEE Computer Society,,
sp,2006,IEEE Computer Society,,
sp,2007,IEEE Computer Society,,
sp,2008,IEEE Computer Society,,
sp,2009,IEEE Computer Society,,
sp,2010,IEEE Computer Society,,
sp,2011,IEEE Computer Society,,
sp,2012,IEEE Computer Society,,
sp,2012,IEEE Computer Society,,
sp,2013,IEEE Computer Society,,
sp,2013,IEEE Computer Society,,
sp,2014,IEEE Computer Society,,
sp,2014,IEEE Computer Society,,
sp,2015,IEEE Computer Society,,
sp,2015,IEEE Computer Society,,
sp,2016,IEEE Computer Society,,
sp,2016,IEEE Computer Society,,
spaa,2003,ACM,,
spaa,2004,ACM,,
spaa,2005,ACM,,
spaa,2006,ACM,,
spaa,2007,ACM,,
spaa,2008,ACM,,
spaa,2009,ACM,,
spaa,2010,ACM,,
spaa,2011,ACM,,
spaa,2012,ACM,,
spaa,2013,ACM,,
spaa,2014,ACM,,
spaa,2015,ACM,,
spaa,2016,ACM,,
ssdbm,2000,IEEE Computer Society,,
ssdbm,2001,IEEE Computer Society,,
ssdbm,2002,IEEE Computer Society,,
ssdbm,2003,IEEE Computer Society,,
ssdbm,2004,IEEE Computer Society,,
ssdbm,2005,\N,,
ssdbm,2006,IEEE Computer Society,,
ssdbm,2007,IEEE Computer Society,,
ssdbm,2008,Springer,,
ssdbm,2009,Springer,,
ssdbm,2010,Springer,,
ssdbm,2011,Springer,,
ssdbm,2012,Springer,,
ssdbm,2013,ACM,,
ssdbm,2014,ACM,,
ssdbm,2015,ACM,,
ssdbm,2016,ACM,,
stacs,2000,Springer,,
stacs,2001,Springer,,
stacs,2002,Springer,,
stacs,2003,Springer,,
stacs,2004,Springer,,
stacs,2005,Springer,,
stacs,2006,Springer,,
stacs,2007,Springer,,
stacs,2008,"Schloss Dagstuhl - Leibniz-Zentrum fuer Informatik, Germany",,
stacs,2009,"Schloss Dagstuhl - Leibniz-Zentrum fuer Informatik, Germany",,
stacs,2010,Schloss Dagstuhl - Leibniz-Zentrum fuer Informatik,,
stacs,2011,Schloss Dagstuhl - Leibniz-Zentrum fuer Informatik,,
stacs,2012,Schloss Dagstuhl - Leibniz-Zentrum fuer Informatik,,
stacs,2013,Schloss Dagstuhl - Leibniz-Zentrum fuer Informatik,,
stacs,2014,Schloss Dagstuhl - Leibniz-Zentrum fuer Informatik,,
stacs,2015,Schloss Dagstuhl - Leibniz-Zentrum fuer Informatik,,
stacs,2016,Schloss Dagstuhl - Leibniz-Zentrum fuer Informatik,,
stoc,2000,ACM,,
stoc,2001,ACM,,
stoc,2002,ACM,,
stoc,2003,ACM,,
stoc,2004,ACM,,
stoc,2005,ACM,,
stoc,2006,ACM,,
stoc,2007,ACM,,
stoc,2008,ACM,,
stoc,2009,ACM,,
stoc,2010,ACM,,
stoc,2011,ACM,,
stoc,2012,ACM,,
stoc,2013,ACM,,
stoc,2014,ACM,,
stoc,2015,ACM,,
stoc,2016,ACM,,
swat,2000,Springer,,
swat,2002,Springer,,
swat,2004,Springer,,
swat,2006,Springer,,
swat,2008,Springer,,
swat,2010,Springer,,
swat,2012,Springer,,
swat,2014,Springer,,
swat,2016,Schloss Dagstuhl - Leibniz-Zentrum fuer Informatik,,
uist,2000,ACM,,
uist,2001,ACM,,
uist,2002,ACM,,
uist,2003,ACM,,
uist,2004,ACM,,
uist,2005,ACM,,
uist,2006,ACM,,
uist,2007,ACM,,
uist,2008,ACM,,
uist,2009,ACM,,
uist,2010,ACM,,
uist,2010,ACM,,
uist,2011,ACM,,
uist,2011,ACM,,
uist,2012,ACM,,
uist,2012,ACM,,
uist,2013,ACM,,
uist,2013,ACM,,
uist,2014,ACM,,
uist,2014,ACM,,
uist,2015,ACM,,
uist,2015,ACM,,
uist,2016,ACM,,
uist,2016,ACM,,
vldb,2000,Morgan Kaufmann,,
vldb,2001,Morgan Kaufmann,,
vldb,2002,Morgan Kaufmann,,
vldb,2003,CEUR-WS.org,,
vldb,2004,Morgan Kaufmann,,
vldb,2005,ACM,,
vldb,2006,ACM,,
vldb,2007,ACM,,
vldb,2009,VLDB Endowment,,
vldb,2010,\N,,
vldb,2011,\N,,
vldb,2012,\N,,
vldb,2012,ACM,,
vldb,2013,\N,,
vldb,2013,CEUR-WS.org,,
vldb,2013,ACM,,
vldb,2013,\N,,
vldb,2013,ACM,,
vldb,2014,\N,,
vldb,2014,Springer,,
vldb,2014,ACM,,
vldb,2014,\N,,
vldb,2015,Springer,,
vldb,2015,\N,,
vldb,2016,Springer,,
vldb,2015,ACM,,
vldb,2016,CEUR-WS.org,,
wads,2001,Springer,,
wads,2003,Springer,,
wads,2005,Springer,,
wads,2007,Springer,,
wads,2009,Springer,,
wads,2011,Springer,,
wads,2013,Springer,,
wads,2015,Springer,,
wcre,2000,IEEE Computer Society,,
wcre,2001,IEEE Computer Society,,
wcre,2002,IEEE Computer Society,,
wcre,2003,IEEE Computer Society,,
wcre,2004,IEEE Computer Society,,
wcre,2005,IEEE Computer Society,,
wcre,2006,IEEE Computer Society,,
wcre,2007,IEEE Computer Society,,
wcre,2008,IEEE Computer Society,,
wcre,2009,IEEE Computer Society,,
wcre,2010,IEEE Computer Society,,
wcre,2011,IEEE Computer Society,,
wcre,2012,IEEE Computer Society,,
wcre,2013,IEEE Computer Society,,
wcre,2015,IEEE Computer Society,,
wcre,2015,IEEE Computer Society,,
wcre,2015,IEEE Computer Society,,
wcre,2016,IEEE Computer Society,,
wcre,2016,IEEE Computer Society,,
wdag,2000,Springer,,
wdag,2001,Springer,,
wdag,2002,Springer,,
wdag,2003,Springer,,
wdag,2004,Springer,,
wdag,2005,Springer,,
wdag,2006,Springer,,
wdag,2007,Springer,,
wdag,2008,Springer,,
wdag,2009,Springer,,
wdag,2010,Springer,,
wdag,2011,Springer,,
wdag,2012,Springer,,
wdag,2013,Springer,,
wdag,2014,Springer,,
wdag,2015,Springer,,
wdag,2016,Springer,,
widm,2001,ACM,,
widm,2002,ACM,,
widm,2003,ACM,,
widm,2004,ACM,,
widm,2005,ACM,,
widm,2006,ACM,,
widm,2007,ACM,,
widm,2008,ACM,,
widm,2009,ACM,,
widm,2012,ACM,,
www,2001,ACM,,
www,2001,\N,,
www,2002,ACM,,
www,2003,ACM,,
www,2003,\N,,
www,2003,\N,,
www,2004,ACM,,
www,2004,ACM,,
www,2004,CEUR-WS.org,,
www,2005,ACM,,
www,2005,ACM,,
www,2006,ACM,,
www,2007,ACM,,
www,2007,CEUR-WS.org,,
www,2008,ACM,,
www,2008,ACM,,
www,2008,ACM,,
www,2008,CEUR-WS.org,,
www,2008,CEUR-WS.org,,
www,2009,Springer,,
www,2009,ACM,,
www,2009,CEUR-WS.org,,
www,2009,ACM,,
www,2010,ACM,,
www,2010,CEUR-WS.org,,
www,2010,CEUR-WS.org,,
www,2010,ACM,,
www,2011,ACM,,
www,2011,ACM,,
www,2011,CEUR-WS.org,,
www,2012,ACM,,
www,2012,ACM,,
www,2012,CEUR-WS.org,,
www,2012,CEUR-WS.org,,
www,2012,CEUR-WS.org,,
www,2012,ACM,,
www,2012,ACM,,
www,2013,International World Wide Web Conferences Steering Committee / ACM,,
www,2013,International World Wide Web Conferences Steering Committee / ACM,,
www,2013,CEUR-WS.org,,
www,2014,ACM,,
www,2014,ACM,,
www,2014,CEUR-WS.org,,
www,2014,CEUR-WS.org,,
www,2015,ACM,,
www,2015,ACM,,
www,2015,CEUR-WS.org,,
www,2016,ACM,,
www,2016,ACM,,
www,2016,CEUR-WS.org,,
